<?xml version="1.0" encoding="UTF-8"?>
<PcGts xmlns="http://schema.primaresearch.org/PAGE/gts/pagecontent/2019-07-15" xmlns:xsi="http://www.w3.org/2001/XMLSchema-instance" xsi:schemaLocation="http://schema.primaresearch.org/PAGE/gts/pagecontent/2019-07-15 http://schema.primaresearch.org/PAGE/gts/pagecontent/2019-07-15/pagecontent.xsd" pcGtsId="pc-00000679">
	<Metadata>
	<Creator>PRImA Research</Creator>
	<Created>2009-11-17T15:47:12</Created>
	<LastChange>2021-06-29T10:13:49</LastChange></Metadata>
	<Page imageFilename="00770679.tif" imageXResolution="300.00000" imageYResolution="300.00000" imageWidth="2325" imageHeight="3246">
	<AlternativeImage filename="00770679b.tif" comments="B/W"/>
	<ReadingOrder>
	<OrderedGroup id="ro357564684568544579089">
	<RegionRefIndexed regionRef="r9" index="0"/>
	<RegionRefIndexed regionRef="r10" index="1"/>
	<RegionRefIndexed regionRef="r13" index="2"/>
	<RegionRefIndexed regionRef="r16" index="3"/>
	<RegionRefIndexed regionRef="r14" index="4"/>
	<RegionRefIndexed regionRef="r11" index="5"/>
	<RegionRefIndexed regionRef="r12" index="6"/>
	<RegionRefIndexed regionRef="r15" index="7"/></OrderedGroup></ReadingOrder>
	<NoiseRegion id="r0">
	<Coords points="2228,2921 2245,2921 2245,2930 2228,2930"/></NoiseRegion>
	<TextRegion id="r1" orientation="0.00000" readingOrientation="0.00000" readingDirection="left-to-right" type="footer" indented="false" primaryLanguage="English" primaryScript="Latn - Latin">
	<Coords points="1381,3163 2080,3163 2080,3186 1381,3186"/>
	<TextEquiv>
	<Unicode>COMMUNICATIONS OF THE ACM January 2005/Vol. 48. No. I</Unicode></TextEquiv>
	<TextStyle textColour="black" bgColour="white" reverseVideo="false"/></TextRegion>
	<TextRegion id="r2" orientation="0.00000" readingOrientation="0.00000" readingDirection="left-to-right" type="page-number" indented="false" primaryLanguage="English" primaryScript="Latn - Latin">
	<Coords points="2129,3155 2173,3155 2173,3180 2129,3180"/>
	<TextEquiv>
	<Unicode>49</Unicode></TextEquiv>
	<TextStyle textColour="black" bgColour="white" reverseVideo="false"/></TextRegion>
	<TextRegion id="r3" orientation="0.00000" readingOrientation="0.00000" readingDirection="left-to-right" type="floating" indented="false" primaryLanguage="English" primaryScript="Latn - Latin">
	<Coords points="208,2678 2103,2678 2103,2715 2095,2715 2095,2794 2058,2794 2058,2875 205,2875 205,2796 202,2796 202,2770 208,2770"/>
	<TextEquiv>
	<Unicode>Even though there are individual characteristics in children's movements, patterns do
exist AND THIS INFORMATION CAN BE USED TO FURTHER IMPLEMENT
BOTH COMPUTER-VISION ALGORITHMS AND AVATAR ANIMATIONS.</Unicode></TextEquiv>
	<TextStyle textColour="orange" bgColour="white" reverseVideo="false"/></TextRegion>
	<TextRegion id="r4" orientation="0.00000" readingOrientation="0.00000" readingDirection="left-to-right" type="caption" indented="false" primaryLanguage="English" primaryScript="Latn - Latin">
	<Coords points="814,1632 1163,1632 1163,1663 1162,1663 1162,1707 1164,1707 1164,1738 1163,1738 1163,1776 1161,1776 1161,1820 1162,1820 1162,1857 1163,1857 1163,1889 1162,1889 1162,1970 1163,1970 1163,2001 1162,2001 1162,2032 1039,2032 1039,2001 861,2001 861,1957 832,1957 832,1940 840,1940 840,1883 823,1883 823,1844 817,1844 817,1814 816,1814 816,1783 855,1783 855,1753 872,1753 872,1715 889,1715 889,1657 814,1657"/>
	<TextEquiv>
	<Unicode>The duration and height
values of 130 jump
samples. The height
values represent how
high or low the children
moved in relation to the
length of their heads at
the end of each phase
sown in Figure 3. The
length of the head is
one unit.</Unicode></TextEquiv>
	<TextStyle textColour="orange" bgColour="white" reverseVideo="false"/></TextRegion>
	<TableRegion id="r7" rows="5" columns="3" lineColour="black" orientation="0.00000" lineSeparators="true" embText="true">
	<Coords points="910,1194 1410,1194 1410,1195 1527,1195 1527,1336 1528,1336 1528,1543 1416,1543 1416,1542 1233,1542 1233,1543 1109,1543 1109,1542 910,1542 910,1543 835,1543 835,1335 834,1335 834,1195 910,1195"/>
	<TextRegion id="r5" type="paragraph">
	<Coords points="856,1211 856,1238 938,1238 938,1211"/>
	<Roles>
	<TableCellRole rowIndex="0" columnIndex="0" rowSpan="1" colSpan="1"/></Roles>
	<TextLine id="l8">
	<Coords points="856,1211 856,1238 938,1238 938,1211"/>
	<TextEquiv>
	<Unicode></Unicode></TextEquiv></TextLine>
	<TextEquiv>
	<Unicode>Phase</Unicode></TextEquiv></TextRegion>
	<TextRegion id="r6" type="paragraph">
	<Coords points="864,1336 864,1370 1011,1370 1011,1336"/>
	<Roles>
	<TableCellRole rowIndex="1" columnIndex="0" rowSpan="1" colSpan="1"/></Roles>
	<TextLine id="l0">
	<Coords points="864,1336 864,1370 1011,1370 1011,1336"/>
	<TextEquiv>
	<Unicode></Unicode></TextEquiv></TextLine>
	<TextEquiv>
	<Unicode>Preparing</Unicode></TextEquiv></TextRegion>
	<TextRegion id="r8" type="paragraph">
	<Coords points="865,1390 865,1423 1010,1423 1010,1390"/>
	<Roles>
	<TableCellRole rowIndex="2" columnIndex="0" rowSpan="1" colSpan="1"/></Roles>
	<TextLine id="l1">
	<Coords points="865,1390 865,1423 1010,1423 1010,1390"/>
	<TextEquiv>
	<Unicode></Unicode></TextEquiv></TextLine>
	<TextEquiv>
	<Unicode>Taking off</Unicode></TextEquiv></TextRegion>
	<TextRegion id="r17" type="paragraph">
	<Coords points="865,1445 865,1477 986,1477 986,1445"/>
	<Roles>
	<TableCellRole rowIndex="3" columnIndex="0" rowSpan="1" colSpan="1"/></Roles>
	<TextLine id="l2">
	<Coords points="865,1445 865,1477 986,1477 986,1445"/>
	<TextEquiv>
	<Unicode></Unicode></TextEquiv></TextLine>
	<TextEquiv>
	<Unicode>Landing</Unicode></TextEquiv></TextRegion>
	<TextRegion id="r18" type="paragraph">
	<Coords points="865,1500 865,1531 999,1531 999,1500"/>
	<Roles>
	<TableCellRole rowIndex="4" columnIndex="0" rowSpan="1" colSpan="1"/></Roles>
	<TextLine id="l3">
	<Coords points="865,1500 865,1531 999,1531 999,1500"/>
	<TextEquiv>
	<Unicode></Unicode></TextEquiv></TextLine>
	<TextEquiv>
	<Unicode>Recovery</Unicode></TextEquiv></TextRegion>
	<TextRegion id="r19" type="paragraph">
	<Coords points="1078,1336 1078,1361 1152,1361 1152,1336"/>
	<Roles>
	<TableCellRole rowIndex="1" columnIndex="1" rowSpan="1" colSpan="1"/></Roles>
	<TextLine id="l4">
	<Coords points="1078,1336 1078,1361 1152,1361 1152,1336"/>
	<TextEquiv>
	<Unicode></Unicode></TextEquiv></TextLine>
	<TextEquiv>
	<Unicode>212.3</Unicode></TextEquiv></TextRegion>
	<TextRegion id="r20" type="paragraph">
	<Coords points="1079,1389 1079,1418 1156,1418 1156,1389"/>
	<Roles>
	<TableCellRole rowIndex="2" columnIndex="1" rowSpan="1" colSpan="1"/></Roles>
	<TextLine id="l5">
	<Coords points="1079,1389 1079,1418 1156,1418 1156,1389"/>
	<TextEquiv>
	<Unicode></Unicode></TextEquiv></TextLine>
	<TextEquiv>
	<Unicode>308.0</Unicode></TextEquiv></TextRegion>
	<TextRegion id="r21" type="paragraph">
	<Coords points="1051,1211 1051,1306 1170,1306 1170,1211"/>
	<Roles>
	<TableCellRole rowIndex="0" columnIndex="1" rowSpan="1" colSpan="1"/></Roles>
	<TextLine id="l12">
	<Coords points="1072,1213 1072,1236 1150,1236 1150,1213"/>
	<TextEquiv>
	<Unicode></Unicode></TextEquiv></TextLine>
	<TextLine id="l13">
	<Coords points="1054,1242 1054,1269 1169,1269 1169,1242"/>
	<TextEquiv>
	<Unicode></Unicode></TextEquiv></TextLine>
	<TextLine id="l14">
	<Coords points="1068,1274 1068,1304 1166,1304 1166,1274"/>
	<TextEquiv>
	<Unicode></Unicode></TextEquiv></TextLine>
	<TextEquiv>
	<Unicode>Mean
duration
(in ms)</Unicode></TextEquiv></TextRegion>
	<TextRegion id="r22" type="paragraph">
	<Coords points="1205,1211 1205,1305 1510,1305 1510,1211"/>
	<Roles>
	<TableCellRole rowIndex="0" columnIndex="2" rowSpan="1" colSpan="1"/></Roles>
	<TextLine id="l15">
	<Coords points="1233,1212 1233,1241 1474,1241 1474,1212"/>
	<TextEquiv>
	<Unicode></Unicode></TextEquiv></TextLine>
	<TextLine id="l16">
	<Coords points="1237,1244 1237,1266 1470,1266 1470,1244"/>
	<TextEquiv>
	<Unicode></Unicode></TextEquiv></TextLine>
	<TextLine id="l17">
	<Coords points="1207,1272 1207,1303 1508,1303 1508,1272"/>
	<TextEquiv>
	<Unicode></Unicode></TextEquiv></TextLine>
	<TextEquiv>
	<Unicode>Post-phase height
in relation to the
children’s head length.</Unicode></TextEquiv></TextRegion>
	<TextRegion id="r23" type="paragraph">
	<Coords points="1079,1443 1079,1472 1155,1472 1155,1443"/>
	<Roles>
	<TableCellRole rowIndex="3" columnIndex="1" rowSpan="1" colSpan="1"/></Roles>
	<TextLine id="l6">
	<Coords points="1079,1443 1079,1472 1155,1472 1155,1443"/>
	<TextEquiv>
	<Unicode></Unicode></TextEquiv></TextLine>
	<TextEquiv>
	<Unicode>287.4</Unicode></TextEquiv></TextRegion>
	<TextRegion id="r24" type="paragraph">
	<Coords points="1078,1498 1078,1525 1155,1525 1155,1498"/>
	<Roles>
	<TableCellRole rowIndex="4" columnIndex="1" rowSpan="1" colSpan="1"/></Roles>
	<TextLine id="l7">
	<Coords points="1078,1498 1078,1525 1155,1525 1155,1498"/>
	<TextEquiv>
	<Unicode></Unicode></TextEquiv></TextLine>
	<TextEquiv>
	<Unicode>342.8</Unicode></TextEquiv></TextRegion>
	<TextRegion id="r25" type="paragraph">
	<Coords points="1316,1335 1316,1363 1384,1363 1384,1335"/>
	<Roles>
	<TableCellRole rowIndex="1" columnIndex="2" rowSpan="1" colSpan="1"/></Roles>
	<TextLine id="l9">
	<Coords points="1316,1335 1316,1363 1384,1363 1384,1335"/>
	<TextEquiv>
	<Unicode></Unicode></TextEquiv></TextLine>
	<TextEquiv>
	<Unicode>-0.65</Unicode></TextEquiv></TextRegion>
	<TextRegion id="r26" type="paragraph">
	<Coords points="1321,1390 1321,1416 1381,1416 1381,1390"/>
	<Roles>
	<TableCellRole rowIndex="2" columnIndex="2" rowSpan="1" colSpan="1"/></Roles>
	<TextLine id="l10">
	<Coords points="1321,1390 1321,1416 1381,1416 1381,1390"/>
	<TextEquiv>
	<Unicode></Unicode></TextEquiv></TextLine>
	<TextEquiv>
	<Unicode>0.84</Unicode></TextEquiv></TextRegion>
	<TextRegion id="r27" type="paragraph">
	<Coords points="1315,1445 1315,1471 1381,1471 1381,1445"/>
	<Roles>
	<TableCellRole rowIndex="3" columnIndex="2" rowSpan="1" colSpan="1"/></Roles>
	<TextLine id="l11">
	<Coords points="1315,1445 1315,1471 1381,1471 1381,1445"/>
	<TextEquiv>
	<Unicode></Unicode></TextEquiv></TextLine>
	<TextEquiv>
	<Unicode>-0.41</Unicode></TextEquiv></TextRegion>
	<Grid>
	<GridPoints index="0" points="836,1196 1038,1196 1190,1196 1527,1196"/>
	<GridPoints index="1" points="836,1316 1038,1316 1190,1316 1527,1316"/>
	<GridPoints index="2" points="836,1378 1038,1378 1190,1378 1527,1378"/>
	<GridPoints index="3" points="836,1431 1038,1431 1190,1431 1527,1431"/>
	<GridPoints index="4" points="836,1488 1038,1488 1190,1488 1527,1488"/>
	<GridPoints index="5" points="836,1543 1038,1543 1190,1543 1527,1543"/></Grid></TableRegion>
	<TextRegion id="r9" orientation="0.00000" readingOrientation="0.00000" readingDirection="left-to-right" type="paragraph" primaryLanguage="English" primaryScript="Latn - Latin">
	<Coords points="197,268 1156,268 1156,309 400,309 400,366 197,366"/>
	<TextEquiv>
	<Unicode>dren), breast stroke (35%), and crawl (12%) as shown
in Figure 3.</Unicode></TextEquiv>
	<TextStyle textColour="black" bgColour="white"/></TextRegion>
	<TextRegion id="r10" orientation="0.00000" readingOrientation="0.00000" readingDirection="left-to-right" type="paragraph" primaryLanguage="English" primaryScript="Latn - Latin">
	<Coords points="247,373 1158,373 1158,465 1157,465 1157,529 1158,529 1158,685 1160,685 1160,783 1158,783 1158,894 1159,894 1159,928 1154,928 1154,992 362,992 362,1044 197,1044 197,947 198,947 198,888 197,888 197,790 198,790 198,668 197,668 197,440 247,440"/>
	<TextEquiv>
	<Unicode>Surprisingly, the avatar animations (QuiQui’s
crawl) did not seem to restrict or direct the children’s
movements. Even though QuiQui moved from left to
right, the children did not turn in the direction of the
character until they were forced to change QuiQui’s
route in order to continue. This also means that
QuiQui’s animations had to be redesigned to better
match the children’s movements. Additionally, any
earlier swimming training did not seem to fully corre¬
spond with their movements either, as could be seen
in the popularity of the breast stroke, which Finnish
children do not usually learn until they are 10 or 11
years old.</Unicode></TextEquiv>
	<TextStyle textColour="black" bgColour="white"/></TextRegion>
	<TextRegion id="r11" orientation="0.00000" readingOrientation="0.00000" readingDirection="left-to-right" type="paragraph" primaryLanguage="English" primaryScript="Latn - Latin">
	<Coords points="1211,268 2173,268 2173,314 2171,314 2171,373 2173,373 2173,425 2174,425 2174,581 2175,581 2175,732 2174,732 2174,782 2008,782 2008,837 1213,837 1213,790 1214,790 1214,732 1211,732 1211,686 1212,686 1212,529 1213,529 1213,471 1212,471 1212,419 1211,419"/>
	<TextEquiv>
	<Unicode>cally if QuiQui crouched as well. The recovery phase
gives a cue of when the next movement can begin,
which in turn affects the pacing of the game. In gen¬
eral, if the game does not tolerate a long enough
recovery period after a movement, children can
become frustrated if they are not able to succeed due
to their physical performance. However, the avatar
doesn’t necessarily need to follow the player’s exact
jump height (as long as the player knows how high
the avatar jumps), but it is important that QuiQui
responds fast enough when a child takes off.</Unicode></TextEquiv>
	<TextStyle textColour="black" bgColour="white"/></TextRegion>
	<TextRegion id="r12" orientation="0.00000" readingOrientation="0.00000" readingDirection="left-to-right" type="paragraph" primaryLanguage="English" primaryScript="Latn - Latin">
	<Coords points="1262,843 2175,843 2175,940 2173,940 2173,999 2175,999 2175,1097 2173,1097 2173,1171 2177,1171 2177,1201 2175,1201 2175,1259 2176,1259 2176,1364 2177,1364 2177,1409 2176,1409 2176,1468 2177,1468 2177,1572 2178,1572 2178,1617 2177,1617 2177,1669 1537,1669 1537,1721 1216,1721 1216,1669 1214,1669 1214,1636 1574,1636 1574,1304 1573,1304 1573,1201 1571,1201 1571,1148 1213,1148 1213,1103 1214,1103 1214,1045 1212,1045 1212,947 1213,947 1213,895 1262,895"/>
	<TextEquiv>
	<Unicode>The study of the video material also revealed some
design issues to be studied further. Improper system
latency leads to redundant actions and oscillation [4],
which breaks the illusion of tightly coupled interac¬
tion. This could also be seen as the successive jumps
by the player if QuiQui did not respond fast enough.
When QuiQui was running in a
field presented in a semi-3D per¬
spective, the children were not
sure when a butterfly was close
enough to be caught. Thus, the
avatar’s range and distance from
platforms or objects to be reached
should be clear enough; otherwise
children might accentuate their
own movements unnecessarily or approach the
objects repeatedly.
</Unicode></TextEquiv>
	<TextStyle textColour="black" bgColour="white"/></TextRegion>
	<TextRegion id="r13" orientation="0.00000" readingOrientation="0.00000" readingDirection="left-to-right" type="paragraph" primaryLanguage="English" primaryScript="Latn - Latin">
	<Coords points="245,1051 1160,1051 1160,1096 1159,1096 1159,1148 785,1148 785,1364 787,1364 787,1467 788,1467 788,1513 783,1513 783,1565 782,1565 782,1676 784,1676 784,1826 276,1826 276,1867 200,1867 200,1662 199,1662 199,1357 198,1357 198,1118 245,1118"/>
	<TextEquiv>
	<Unicode>Although the children could easily imitate realistic
swimming gestures with their hands, making a char¬
acter dive up or down was more
confusing for them. Flere, the
direction of the movement was
key. To dive downward, the chil¬
dren continued swimming, but
directed the movement toward
the floor and accentuated that by
bending their knees or upper
body. To get QuiQui to rise to
the surface, the children contin-
ued swimming, but with their
arms above shoulder level, Some
even jumped or rose on their</Unicode></TextEquiv>
	<TextStyle textColour="black" bgColour="white"/></TextRegion>
	<TextRegion id="r14" orientation="0.00000" readingOrientation="0.00000" readingDirection="left-to-right" type="paragraph" primaryLanguage="English" primaryScript="Latn - Latin">
	<Coords points="249,2509 1163,2509 1163,2556 249,2556"/>
	<TextEquiv>
	<Unicode>Additionally, the game would behave more realisti¬</Unicode></TextEquiv>
	<TextStyle textColour="black" bgColour="white"/></TextRegion>
	<TextRegion id="r15" orientation="0.00000" readingOrientation="0.00000" readingDirection="left-to-right" type="paragraph" primaryLanguage="English" primaryScript="Latn - Latin">
	<Coords points="1264,1728 2177,1728 2177,1884 2184,1884 2184,1917 2178,1917 2178,2040 2179,2040 2179,2085 2178,2085 2178,2137 2176,2137 2176,2195 2178,2195 2178,2316 2181,2316 2181,2346 2180,2346 2180,2398 2178,2398 2178,2456 2179,2456 2179,2490 1971,2490 1971,2555 1217,2555 1217,2508 1218,2508 1218,2451 1216,2451 1216,2404 1217,2404 1217,2294 1216,2294 1216,2241 1215,2241 1215,2195 1216,2195 1216,2091 1217,2091 1217,2034 1216,2034 1216,1878 1215,1878 1215,1832 1216,1832 1216,1781 1264,1781"/>
	<TextEquiv>
	<Unicode>To make QuiQui run, the children used both sub¬
dued (minor vertical alteration of the head level due to
small leg movements) and lively movements. Surpris¬
ingly, there was a gender difference in the preference of
these movements. Nine of the 11 boys favored subdued
styles such as marching, strutting, or walking as shown
in Figure 3. However, girls seemed to prefer more
dynamic styles; 18 of the 25 styles the girls used were
either running or swinging the feet from side to side.
The problem with the subdued styles is they are diffi¬
cult for the vision algorithms to recognize if the camera’s
field of view is only capturing the player’s upper body
and most of the movement is appearing below the
waist. Thus, in the process of building a running game,
the designers must pay attention to clear instructions
and the presentation of the running avatar.</Unicode></TextEquiv>
	<TextStyle textColour="black" bgColour="white"/></TextRegion>
	<TextRegion id="r16" orientation="0.00000" readingOrientation="0.00000" readingDirection="left-to-right" type="paragraph" primaryLanguage="English" primaryScript="Latn - Latin">
	<Coords points="250,1885 784,1885 784,1971 783,1971 783,2055 786,2055 786,2087 784,2087 784,2145 1164,2145 1164,2190 1161,2190 1161,2248 1162,2248 1162,2301 1163,2301 1163,2405 1164,2405 1164,2451 730,2451 730,2503 200,2503 200,2457 201,2457 201,2421 204,2421 204,2336 201,2336 201,2295 200,2295 200,2242 199,2242 199,2196 200,2196 200,2139 198,2139 198,2093 200,2093 200,2040 201,2040 201,1971 200,1971 200,1949 250,1949"/>
	<TextEquiv>
	<Unicode>In the running game we
tested how children controlled
QuiQui's running, passing trees,
and collecting butterflies by
jumping. As opposed to various
swimming and diving styles, the children’s jumping
was most similar across all participants. The duration
and height values in the different phases of the jumps
are shown in the table here. The preparation phase
(crouching before taking off) could be used as a pre¬
action cue to make vision algorithms react quicker
when the actual jump begins.</Unicode></TextEquiv>
	<TextStyle textColour="black" bgColour="white"/></TextRegion></Page></PcGts>
